area,perimetro,extent,circularidade,hu_1,hu_2,hu_3,hu_4,hu_5,hu_6,hu_7,media_h,media_s,media_v,media_r,media_g,media_b,glcm_contrast,glcm_homogeneity,glcm_energy,glcm_correlation,arquivo,classe
86761.5,1431.8447939157486,0.7269196933517658,0.5317959508838614,3.176217579112128,7.553883891555429,10.80349884643368,12.064052454659395,23.57517919158918,15.987211283979878,-23.759500741799744,18.084059861330406,175.32534724605844,200.92767900048054,198.12948216287955,127.71496075604678,62.54053682982083,1.077351186139229,0.8735075849087072,0.3699388359901193,0.974749919852585,orange_0001.png,orange
39005.5,851.2518688440323,0.7552472601944004,0.6764248540921444,3.1959686819125745,8.226833721938092,11.572426220218228,13.219954705226225,-26.8729549806537,18.98844057512471,25.61681166927952,23.619158163265308,137.26323979591837,205.87048469387756,200.45214285714286,164.31739795918367,92.5135969387755,0.8741328456355707,0.8427696954670375,0.3164089756704683,0.9512764102155786,orange_0002.png,orange
98095.0,1339.851934671402,0.74938884644767,0.6866621676682287,3.1942712243069376,8.069422976288331,11.29927999834654,13.194161180987447,26.25971612048722,-17.723483570669888,25.445941597062294,17.045574663576858,160.584502175062,227.91319063300404,224.2242143350815,153.09918892547873,83.765052648697,0.8144724815615529,0.8459705202472049,0.3736450592965406,0.9551870990039706,orange_0003.png,orange
77772.5,1139.4528784751892,0.8172814207650273,0.75273686145691,3.1944747274776186,8.24798420556525,11.539044888102175,13.09610769104073,25.425491859553944,17.28371423648673,-26.051852379220847,19.208548192616536,166.83291002847687,204.60075938325764,198.83188383488545,134.447009928423,68.51735549911491,0.8687866411659764,0.8472212551260414,0.37850020108058385,0.9513580570286835,orange_0004.png,orange
59190.5,1285.0996267795563,0.646989703342588,0.4503895212796448,3.1939879927067274,8.870035579711239,11.496713450365602,12.88585830052359,-25.16274922452629,-17.364137952515296,-25.320669830735063,12.686147512175529,178.7014945356563,213.66457465147028,212.6449097086241,113.39913976335124,61.19318505129621,1.3564118669132408,0.8893332230840179,0.4810898586713443,0.9006750139297813,orange_0005.png,orange
102968.5,1647.9625463485718,0.600953064630972,0.4764524624859495,3.0173960195997798,6.337477046276347,11.325024240257239,11.809653661389488,23.392834653218088,14.983784194095549,-23.953337069433186,12.247129484126601,180.37891773598002,233.41295901742072,233.41295901742072,135.6409420883666,67.75545422117675,0.6549324007302444,0.8660236262509646,0.5446714369324019,0.9042072310053126,orange_0006.png,orange
51240.5,1043.1929930448532,0.7300880542573805,0.5916895515657269,3.1707531983799297,7.383274583965176,10.758541864158722,12.013654578075853,23.498497110894572,15.912464001556327,23.618378348211674,19.689625159568294,169.19598854976596,214.53554988201617,208.07195079494022,145.58605082975512,69.45969208154423,1.0469867932352037,0.8901429876168486,0.40760370669163065,0.9059202661797768,orange_0007.png,orange
95558.5,1578.2367098331451,0.7714542900506991,0.48209752979209963,3.1949206699102044,8.721760846825527,12.244687981386074,12.959036874318704,25.594681463189296,17.393299371768617,25.98160488840489,13.83414892622261,161.56355910191274,229.20915541979656,226.83469958129436,144.40089767166413,83.23041278350944,0.9291292357096195,0.866007919797063,0.34148180888497104,0.9297988790956815,orange_0008.png,orange
38842.5,820.3746708631516,0.8119591120030102,0.7252580406986272,3.1800837870969283,7.59127986515179,11.056486286664045,12.624878878256787,-25.021283373808217,-16.85610938453392,24.48304698617405,12.755876803834582,172.59558411095813,228.01381877517719,228.01381877517719,140.13466931823976,74.12704604558667,0.8491341411714258,0.8601067732554276,0.2831994851135561,0.9633641391692739,orange_0009.png,orange
54385.0,1033.7787799835205,0.6481117347729196,0.6394900186453482,3.100504455443892,6.690654532084313,11.640926938149743,12.528397493491605,24.653797379732488,15.925838962822503,24.996489261122612,12.066864811640713,171.7246635790088,215.96240107946466,215.96240107946466,130.29191130885087,70.13265380547756,0.6853168401497797,0.9032916471244506,0.4139229825722197,0.9521874248551359,orange_0010.png,orange
85469.5,1488.555470943451,0.7098795681063123,0.48472004617140935,3.1788875830809067,9.52084156326409,10.812933140044846,12.277586139630248,-23.919727236101153,17.04944924657152,-24.044745305246856,14.924098470667184,171.93970967400134,219.5506893182166,216.1448215778382,132.13175337595214,71.18739330578416,1.2190403167262738,0.8540854561733612,0.4077421101100031,0.9351079450057083,orange_0011.png,orange
82469.0,1160.4894576072693,0.7573189097854834,0.7695169554777939,3.195750754911426,8.003231618128003,11.856988122718663,13.374115629394343,26.01572002424793,17.82633863634208,26.46301584248009,12.055156310491677,180.02795925280682,233.37213269454122,233.37213269454122,134.22608159117306,68.68393099109562,0.7950047962324522,0.8777877811144629,0.4155685910444065,0.9132215646577692,orange_0012.png,orange
84867.0,1310.4305807352066,0.7593818787021959,0.6210415764913024,3.1947793141528167,8.108144647877442,11.490749974059268,13.06059437261527,-26.29579070547433,-17.53000389764222,-25.338898847499728,12.64593127115457,163.78705575404288,206.22408565250095,206.16146812711546,128.27438651748778,73.55926805189921,1.018713406166368,0.8859772135033266,0.40320361381925457,0.9429849091266264,orange_0013.png,orange
85255.0,1145.9452990293503,0.7710360669970698,0.815834276900885,3.1922552301619085,7.718296332672403,11.970158241980945,13.67768303470037,26.583089082241948,17.708484697584986,26.75391102929019,13.62356274925951,174.97579121673624,234.73439139865195,234.73439139865195,147.13988851831985,73.75526506052196,0.8130835541816259,0.8697478831287567,0.35357985776437045,0.9225275912598561,orange_0014.png,orange
30859.0,666.6416960954666,0.7884261624936126,0.8725830347403548,3.202637293939715,8.48066981896768,14.199459348183272,17.645381996611277,33.61723494174435,21.894328930308934,33.91342200291923,15.337635237086262,178.0009631127805,240.67989341551896,240.67671514334327,158.3442486115124,72.80384603037015,0.9945891605642097,0.8402148016291002,0.3518796654370715,0.8505429655858853,orange_0015.png,orange
17678.5,568.0660153627396,0.8006567028985507,0.6884266279521595,3.158415532161763,7.269140736219224,10.661659526478763,11.729691798493706,23.730359980072382,-16.63819619528347,22.930764494718368,13.475596166703811,180.95225094718074,240.27005794517495,240.27005794517495,146.66960106975708,70.02250947180744,0.8236381265502157,0.8832854502088321,0.3709361366569408,0.9017545253595018,orange_0016.png,orange
109463.0,1592.4793521165848,0.7518889438399824,0.5424123764089899,3.1702774818989563,7.288479921546125,11.534611399969199,12.520040898301936,24.549239223652368,16.18799477489485,25.580506259092946,22.67406499636892,171.69599673202615,218.1257443718228,210.47384713144518,161.11674836601307,69.5880174291939,0.893815285470063,0.8618572546081275,0.3708571404609815,0.9606894506495911,orange_0017.png,orange
13835.5,485.9482651948929,0.7265017853392145,0.736248885864412,3.173563324242938,7.989298694117308,10.525620904244585,11.712177391495148,22.9237099901909,15.774526536093422,-23.06074245912169,15.195422535211268,148.33311326291079,190.40456279342723,188.92480927230048,120.9787265258216,77.47161091549296,2.672959903047036,0.8180446488861626,0.347194511348531,0.9290157244406223,orange_0018.png,orange
73947.0,1331.0336134433746,0.6364645734352407,0.5245083148449847,3.1430935230876735,7.0134391426544385,10.783112012733826,12.122803865748542,23.6326550010378,15.704895785627162,23.894434659173733,20.769529465509365,154.87489586972293,220.6976862924247,214.58914895332276,153.57320022572756,85.8221051782979,2.9539683894281303,0.8500649039532521,0.4629049067346668,0.8357813459252226,orange_0019.png,orange
86091.0,1131.4945075511932,0.8307135620205529,0.8450116881777775,3.1967243268429963,8.507232722235038,11.215918049155722,12.857642767219724,24.981239941053165,17.200712942400774,25.135462592282668,15.919538761670305,175.69960286125692,240.78600956848902,240.78600956848902,162.5500255469367,75.02100654930558,0.5691799589972841,0.8548567368279741,0.32787468823960497,0.9610328730891045,orange_0020.png,orange
40371.0,950.4406862258911,0.7139623308869042,0.5616028883741262,3.190647119472364,8.81216801323616,11.178174945198272,12.631498353363924,25.34623549428202,-17.05172925657204,24.541609943506643,10.983700980392157,175.0717156862745,236.67169117647057,236.67169117647057,132.66509803921568,74.34524509803921,1.5038471941776947,0.8577183253988855,0.39769498421618443,0.8560983413395795,orange_0021.png,orange
89592.0,1128.312831044197,0.7603109406293492,0.8843415731965717,3.202898898495266,8.513928189909308,13.933426498146432,16.917462450106683,32.62576041778908,21.69044818176133,32.41178971695153,14.868370507710583,182.91024858167447,219.279146451133,219.25800757180446,140.54858944610362,61.80838449667485,0.4584743684687633,0.8839896565490243,0.3736088300796792,0.9647861256721629,orange_0022.png,orange
133587.5,1877.9179507493973,0.7433959009232105,0.4760169965113797,3.020256278217001,6.358397863542732,11.282813764696925,11.91418689094289,23.524983357919655,15.101125851847492,-24.142299050573886,12.120879366142171,178.80528214856972,232.37225012089425,232.37225012089425,135.43243685600567,68.44894543019753,3.0691069654316165,0.8178492818954001,0.4270605630424502,0.7235640784778385,orange_0023.png,orange
133376.0,1405.9940730333328,0.7876876557646197,0.8478530226502528,3.204118231839356,9.43919649267877,12.44621499223305,15.403064200076617,29.42785469421419,20.161999699466055,-29.543907763179153,12.319269150103374,167.57159597256327,238.48914398310208,238.48914398310208,146.22793530425955,81.85594226046977,0.6372061460036299,0.8406495437078698,0.3330376155325458,0.9356154245707543,orange_0024.png,orange
46742.5,831.879284620285,0.7423568649249583,0.8487918119232699,3.203581802555523,9.17098205222105,12.744451210580108,14.807017768931063,28.762595175882733,19.492506834078462,28.707433165532663,28.234140127388535,150.8484288747346,160.92063694267515,158.44428874734606,149.70581740976647,67.3176220806794,1.032478794246217,0.8457659599471756,0.32701309170463255,0.9588757191091346,orange_0025.png,orange
72726.5,1000.1046842336655,0.8252371550472041,0.9137168389778113,3.20244066808269,8.659691219690139,14.736177229411307,17.769467682900768,-34.07441290571007,-22.33010157051312,34.357693898398864,18.328818053827963,176.26920816304215,200.31795131152694,195.12370316707447,117.51280088574201,58.856176273595864,1.7190650140503991,0.8322948261580154,0.2505299961916381,0.9681927939029367,orange_0026.png,orange
81583.5,1135.4183901548386,0.7577532159940557,0.7952439041076483,3.1962720857595373,7.950742139846136,11.460232914565998,13.329405711416324,25.811623841758063,17.41107025935824,25.964085084915006,15.677347043200701,167.0521917107283,212.7226675763261,209.5486952072318,132.41233157086816,73.96866548086061,1.0781900452164281,0.8792307937433212,0.3498930676169986,0.9741793763992064,orange_0027.png,orange
58054.5,1143.4183908700943,0.7197879858657243,0.5580015517599691,3.1971453546325947,9.44374428049282,11.40670775469656,13.056764923925478,-25.458121434399207,18.013880690475702,25.42145691994966,9.895554758611267,182.64637874208037,231.23641921546528,231.23641921546528,118.92117082500812,66.00746281401028,1.2241009251301482,0.879436715588991,0.4023476425825654,0.9103558100309797,orange_0028.png,orange
75550.0,1114.7737292051315,0.7791872937293729,0.7639604600363025,3.195995572895781,8.483801278383392,11.371875267166002,12.868749146128527,25.175389751913947,17.291233800475407,-25.108841773191333,18.37272528236764,173.9192113024328,224.90226280474454,218.16755315723725,150.16331603281517,71.43561245122156,0.9225439441696683,0.8248472001463312,0.3723196455776261,0.9374279889971938,orange_0029.png,orange
54096.5,1246.9919830560684,0.7339497462893116,0.43717136610060753,3.18103516396046,8.076151298309384,10.77169508728577,12.392485921681864,-24.08101268820768,-16.658412902834677,24.180457473190664,20.00186618365443,170.6211647181514,219.9990486122546,215.7158095028999,158.51868928042154,72.17362826353441,0.894429560560437,0.877117156583973,0.4238307638903349,0.9245479841838102,orange_0030.png,orange
44579.0,833.303603053093,0.8576183147364371,0.8067401413275643,3.192206940222662,7.966287974963137,11.262309730038655,12.886315414578284,25.112939170510455,16.87034585399805,25.109361534703947,13.576746875416982,187.32537917537695,228.6717297513677,228.67170751234266,136.1526931459325,60.15602899968865,0.5992070331234406,0.8723488226271744,0.3147504018883901,0.9613870486609192,orange_0031.png,orange
101985.0,1357.7686755657196,0.733177570093458,0.6951757180674614,3.137495199351396,6.972870476808443,10.66619223818259,11.929465790120425,23.227885058179044,15.43140108779494,24.510447586932532,10.668301242992932,185.21195223007555,222.42193516938826,222.4188349987814,113.26407994150621,61.15382890567877,0.7353433190865524,0.8696000950970055,0.3917969981767421,0.9587479445436624,orange_0032.png,orange
30902.0,667.4701241254807,0.7851117886178862,0.8716312437372384,3.202630517106278,8.478189377424316,14.112021522850021,17.214627572646776,33.00334382060893,21.575246392950444,33.056882094880336,15.333386765837394,177.70543729161324,240.72335855347524,240.7210182097974,158.5137855860477,73.09935239805078,0.9124733381352954,0.8527567243369384,0.3596098051025139,0.8625316566022205,orange_0033.png,orange
43966.5,1120.3645659685135,0.7100532945736434,0.4401624890014005,3.182278783567276,7.8229180140834265,11.07340012457329,13.104616458145488,-25.45436432943853,-17.049748801103227,25.271376332404216,19.49339959970315,170.1424876874986,203.65738637641397,195.33755369150157,133.74075156857896,66.28090494074257,1.1030177167997697,0.8799457032681738,0.45806382467791207,0.9331584759977389,orange_0034.png,orange
31817.5,674.6833282709122,0.7683159470684826,0.8783668955604361,3.2036199605457942,8.986696782080113,12.92901168441952,15.074433444676819,-29.20428824434162,-19.705907612055583,29.25162887893424,17.74818040435459,176.6357698289269,234.95346811819596,234.95346811819596,169.71160186625195,72.34164852255054,0.5394890090694453,0.9040602815388753,0.3557517957004266,0.9573081809423383,orange_0035.png,orange
138113.0,1403.567664027214,0.7925503833264472,0.881003663686801,3.1971100611302754,7.890549479782884,13.174139464072848,15.23086795489186,-29.751244022304135,-19.515163395329363,29.49050520872302,17.669838455050712,181.2102607354224,241.8303597817233,241.8201812244545,170.7851473800307,70.08749089912992,0.4417421926003422,0.8892727520904196,0.38409822380047753,0.9253814294564704,orange_0036.png,orange
111231.0,1395.4600179195404,0.7615119192693713,0.7177957954794365,3.1877322819588185,7.752499792201567,10.996089169470807,12.580392817659478,24.373403036785287,16.499881086130006,-25.200167285939166,18.207749249034475,191.41460449148906,211.74387605492777,203.01380346159348,123.70505828922902,51.81243741953941,0.9082855202392971,0.8972201172862815,0.3711640339453968,0.9630456613367103,orange_0037.png,orange
27100.5,675.9970344305038,0.6847710733778047,0.7452424522080064,3.1855648314469933,7.509249514670062,12.040326794721189,13.239668241232186,25.905352231662892,16.99782279233169,-26.355907332036683,14.875867104782767,175.65925520262869,221.46863818912013,221.46863818912013,145.99631252281856,69.31902154070829,1.1306264504000199,0.9007560111569213,0.4580975044577853,0.876342996584905,orange_0038.png,orange
87580.5,1147.6193985939026,0.7994933588936054,0.8356444304561066,3.197620948907232,8.207671180373259,11.273489535925734,13.363292804053488,25.69948846934371,17.480631490955275,26.23363772260991,14.95311506675143,179.6100036327309,204.31821587503407,204.31815911361366,133.64589955499045,59.098231314140406,0.7099638271099795,0.8597846755255634,0.27997315611309836,0.975789697654573,orange_0039.png,orange
15757.5,493.7472542524338,0.7557553956834533,0.8122463955716237,3.202017677967522,8.5464646096577,11.81639605400192,14.177438627583138,27.248757613074304,18.55182380919722,-27.44308153432844,11.32359016085623,163.7654753708456,218.2171872066095,218.2171872066095,130.69130625273831,76.4988420854979,2.9620457028016336,0.850849526550961,0.360059428915444,0.8196321122118888,orange_0040.png,orange
86776.5,1282.5798568725586,0.6468135062611807,0.6628925888339388,3.195760842222193,8.352469571817263,11.506166677826359,12.941503439471653,25.17936787544237,17.117746743809338,-25.767173381132864,15.602324782409529,169.95308062299588,224.03266147503436,222.4592991296381,143.2379180027485,73.02207970682547,0.6582403951843246,0.9042373115143486,0.4798306132721252,0.9475947872788603,orange_0041.png,orange
60731.5,1133.5706292390823,0.7987623632154882,0.5939182932843056,3.1779060825966017,8.197162216304193,11.012812818505521,12.193520832920452,-23.907860550952304,-16.405678395798745,-23.995285419177957,15.162854573694107,155.33105534210742,228.63562494890868,226.76571568707595,152.8108068339737,87.87085751655358,3.571241636884605,0.8721667721602873,0.36127226554305414,0.7864818225696705,orange_0042.png,orange
53601.5,904.7422014474869,0.8106209545702014,0.8228811437922663,3.192870188640773,7.988620570591778,11.07923972026628,12.803699697143024,24.89526264739078,16.849924682681717,24.896106980723083,10.873990964970748,169.64226468192254,236.19703028956528,236.1968081167148,135.56768866177887,78.75723913204473,1.0692072267410817,0.8440466650209604,0.40352363041716655,0.8937679788707009,orange_0043.png,orange
98210.5,1367.2072736024857,0.6896804775280899,0.6602357944289098,3.1368290765967664,7.137629013639038,10.179549519020068,11.721675043680559,-22.67233866783707,-15.291727710667042,-24.48545035283462,14.899284362252386,166.9539238610023,218.88253216320993,218.88253216320993,147.56707459030497,75.48503436478293,0.7113696746626543,0.8423271242862955,0.3698632432214245,0.9537662568106795,orange_0044.png,orange
35025.5,719.9726506471634,0.8217318881381381,0.8491065851477053,3.1789674366293545,7.9873803602117475,10.58412358902519,11.870094173523503,23.23192561803756,-16.613272024166253,23.264749736862125,10.926151366074654,174.62094555157174,237.4115178298452,237.4115178298452,132.98943828344312,75.00194557936574,1.055062900199724,0.8521034167946747,0.4120709012566254,0.8767240490319821,orange_0045.png,orange
91861.5,1506.5209827423096,0.7174437675726335,0.5086195238404547,3.178802441473688,7.53999995779128,11.120323019902832,12.312006747059051,24.07224375043124,16.345618397522685,-24.39613030324457,17.6630923555863,186.73193747838118,213.00637755102042,210.0411406087859,136.97568964026289,56.50032428225528,0.9882798604320567,0.8816966994726966,0.36483022655199643,0.9413855550479509,orange_0046.png,orange
116449.0,1355.8864238262177,0.7842845404706421,0.7959742215608281,3.1999256237858758,8.946970521084848,11.517780613621376,13.41368117476881,26.035343903176322,18.242406134786535,-26.024642073636347,11.75892796117832,168.12738363748207,238.07725890233067,238.07725890233067,142.9150861185155,81.30296117832,1.0516467989783296,0.8357347371312664,0.36724999216624826,0.90386697691111,orange_0047.png,orange
90447.0,1498.3128300905228,0.6944640663390663,0.5062896318573953,3.1650629780056083,10.426291034873826,10.366205614740222,11.86544053638907,-22.98991740214503,-17.93712903381289,23.685350114553607,15.720674552003201,170.37047000755925,217.3759504646716,213.07460313931256,132.59121125883766,71.77152163279825,1.395760086067504,0.855040520228993,0.4140799083896479,0.9308403345696846,orange_0048.png,orange
26254.5,609.026473402977,0.7548300845264793,0.8894904171534909,3.2035460318864226,8.859051951026627,12.56633720005234,15.267994273707645,-29.18564903652637,-19.7127148569135,-30.509115687775402,11.337532531211105,179.14498547882172,222.96820427714707,222.96820427714707,124.86546222607777,65.67087843699318,0.873528910448174,0.8780795924961764,0.41211078459474965,0.8876176115378025,orange_0049.png,orange
110711.0,1274.9991225004196,0.7707693700091202,0.8558169147755895,3.204324058894098,9.934492121314348,12.326372683568227,16.596146193430503,-31.879455801727783,21.741612965522783,-31.06239021715984,15.22502134543657,181.44039005976722,238.28554352222173,238.28545364669932,154.80951781782233,68.74550847076799,0.6321512298920665,0.867268473642733,0.39727522813764093,0.9300833877990483,orange_0050.png,orange
23408.0,665.96550989151,0.8555555555555555,0.6632399794917795,3.189831549071092,7.906868761771199,12.239133701799,14.269717464950137,-28.054087848840396,-18.251741711971956,27.543935845806573,29.35553772070626,155.86516853932585,214.18167610036326,206.54507054152234,153.08570583762778,85.84240094618569,3.4944021260790086,0.8476227190402603,0.24990802321843275,0.9372176853594794,orange_0051.png,orange
76690.5,1277.997034072876,0.8220832261384101,0.5900539763698485,3.1877901921794876,7.830507864220967,11.62439308487513,13.788654020580564,26.49685662459112,17.808690753240914,-27.55186173538476,19.38628801663634,165.46463478034832,210.07225110475696,207.14021315310632,149.0753184299454,71.61914478814661,3.3687943774525295,0.8476112686963457,0.3706362772468503,0.7356661418002356,orange_0052.png,orange
118667.0,1365.8620384931564,0.8271091223374596,0.79933008208674,3.2008271825685886,9.114882382829157,13.072012480502746,14.025353856424982,27.649975762311136,-18.81243707882879,27.839046465972668,14.352891862210038,165.90105882648828,223.5344349152855,223.52071963314134,148.8625537587083,76.8733516091983,3.274616262526451,0.8566451798912982,0.3161150895230173,0.8284212493665823,orange_0053.png,orange
57331.0,1163.778777718544,0.6977630105642374,0.5319349360110941,3.1592497285163446,7.2777410643124245,10.602125110972368,11.46917755339303,22.54442814872439,15.208851660075146,-22.893861315299308,16.478263875684927,173.70240091265794,229.55582251568632,229.43221613399479,158.27680500579055,72.45124712633744,3.184099770345572,0.8359987850551327,0.3680115855270595,0.8287341233201486,orange_0054.png,orange
93025.0,1338.881373167038,0.7259524589908071,0.6521167320819911,3.193124388962565,8.036478869046537,11.090167751688636,12.875918315791678,24.85980860604785,16.91532408891168,26.06375453908575,15.789594163832017,170.4143722054639,224.05025351389511,220.39018676593287,144.97794322144492,74.70736794814196,0.9726744091873879,0.8505489308804678,0.33872980659839247,0.9530136844440176,orange_0055.png,orange
88464.5,1277.9280556440353,0.7163117408906883,0.6807161929201325,3.1899050890988976,7.981752009941449,11.076906487987504,12.406439334538959,24.15764560304783,16.459281540277953,24.831615709467748,17.30009772974916,167.72379550892487,225.56862987385,222.2323272036935,150.51447411284977,75.90633670706912,0.6606577060660693,0.869203286035531,0.40971867542657475,0.9493092985916175,orange_0056.png,orange
33896.0,710.1564162969589,0.7759895606785558,0.8445984585448,3.2045879973860383,10.237350098345416,13.6052410725383,17.16881831529162,-32.87755082395458,-22.328676850340536,-32.61184180808857,14.227980940688123,183.38820193516327,237.03007980356045,237.02747814902511,147.3746382530913,66.39779005524862,3.1946385471815653,0.837087963713761,0.3805191643047182,0.6491270722485456,orange_0057.png,orange
54294.0,1030.3473224639893,0.6081317204301075,0.6426794434645541,3.100390198186037,6.688209925808057,11.516426112523776,12.435736296801778,24.460940332087468,15.83332239584009,-24.7586515581539,12.08041504539559,171.9157669753932,215.90407555579912,215.90407555579912,130.15978882373358,69.92283663067902,0.7302907460094719,0.9132842432408248,0.44866047799472414,0.9460592872896105,orange_0058.png,orange
88110.5,1151.5016496181488,0.778141338137629,0.8350421560279561,3.2034071784227995,9.573962174717842,11.983299475701974,14.638078330399226,28.077245455666905,19.46502118799185,-28.123810600692863,11.131915133732084,163.76838957228304,238.45709287890756,238.45709287890756,143.54317797088365,85.38966256630177,0.5707923500178487,0.8933811486465285,0.3746683567906191,0.9511276222533992,orange_0059.png,orange
92270.5,1350.7564820051193,0.7677436264394595,0.6355044813682063,3.195287380975753,8.13405805471595,11.19668330157732,13.115974398019329,25.275433103851434,17.216872024210105,26.194481273252883,15.550289229045706,170.55060161795913,224.42373940301403,221.11372033651827,144.77654497861752,74.73218575291114,0.9513270595005284,0.8432121598060516,0.30791893436768514,0.9564941460384648,orange_0060.png,orange
26249.5,611.2274817228317,0.7677761853227646,0.8829277247991087,3.2035210575867814,8.85690596218735,12.55461696041575,15.235578610741905,-29.130742190678827,-19.68050977298285,-30.889992123384268,11.333735666867833,179.21446891973446,222.94700512975257,222.94700512975257,124.82181653590827,65.61315630657815,0.9383511840354373,0.8700743881478141,0.4016868182401774,0.8826979255890988,orange_0061.png,orange
70785.0,996.9747383594513,0.7788671023965141,0.8949170700371633,3.2044849762355083,9.3838947782875,14.76291093422641,18.482151218644844,-35.10539479005965,-23.17909277150099,-36.347024698830865,12.48070549907319,172.48998764253216,222.45094927821154,222.45094927821154,134.2814834578442,73.18766500028084,1.2200686166573336,0.8055799891094846,0.27845833358280253,0.9507616359567337,orange_0062.png,orange
110351.5,1535.4082820415497,0.6915554302187128,0.5882207589183504,3.129627836837771,7.273935552845737,10.136092250404358,10.77260662599072,21.228993242251747,14.41022169584147,-22.241836519206014,14.917218413320274,174.14962585700295,217.39290107737511,216.63576885406465,132.5779902056807,67.20497551420176,0.663234649092451,0.8998702882982664,0.5088301465853132,0.9676023107096255,orange_0063.png,orange
110761.5,1379.6193978786469,0.8076292072566061,0.7312739593947332,3.1737032875470614,7.297400599587274,11.577840086563226,12.788650775512437,24.97254940406034,16.51732258686619,-26.233077620963787,20.55786685819455,193.95119630111773,208.20790950307492,196.61147371728688,123.92190151277102,48.957328186021456,0.7773118079684891,0.8815396122930014,0.33644864369989025,0.9728837597567741,orange_0064.png,orange
42942.0,848.1219277381897,0.7158551019387533,0.7501973885116189,3.192911255481322,7.911486531466644,11.149992399012572,12.67056563325004,24.581093951641016,16.62648996235458,26.050983338925278,15.52301284116537,170.6238781239932,240.97659594053482,240.9441708473328,161.44944078795967,79.65388686887283,0.7963296681096423,0.8831667270385326,0.4080500143301056,0.9085092021156951,orange_0065.png,orange
39090.0,855.9209145307541,0.6866930171277997,0.6705146287285065,3.190693997935117,8.313785036608346,11.128262996598874,13.345510605267988,26.585922135130826,17.87455124438502,25.58454449585066,17.73609334220357,153.27623970114118,212.6810296300087,208.65393275676783,140.29402282380636,81.06926462310015,1.2517573188878832,0.8511672004075808,0.46859765747402793,0.8903613489920601,orange_0066.png,orange
25854.5,731.4974737167358,0.9449744152046784,0.6071840382072189,3.1807364417967396,8.032579820708204,12.06545548773154,14.582163835801026,28.039288862070876,-18.836187418392683,-28.07516856585493,35.58412018808058,148.77518253755878,207.69226652394968,196.75148132573875,149.8817997629879,91.06655453190106,2.360892649902347,0.8233885702791516,0.20559711883628062,0.9628771248760024,orange_0067.png,orange
59058.0,1268.6559760570526,0.6880570409982175,0.4611060923657353,3.1949925301934323,8.773766980789995,11.543202160124954,13.06003546036688,-25.37342067710414,-17.45262995656862,-26.000566142682136,12.680445577774796,178.83022413098914,213.6981948731714,212.6746913166018,113.34530599919474,61.14058515635485,1.4120602721568989,0.883335661096873,0.4510503754166064,0.9023053623190406,orange_0068.png,orange
85860.0,1329.2590075731277,0.7079952503463289,0.6106347623503421,3.1987088923271085,9.305996127675513,11.529610985548773,13.575621496595366,-26.686621697715744,-19.06695098720095,-26.14550151403681,16.35171025691448,180.49729898552903,221.79104443082048,220.2994250945644,140.92248609006467,62.87592684704276,0.931279080389108,0.863991202872272,0.45059783994814057,0.9590676164220419,orange_0069.png,orange
45158.5,1031.9036707878113,0.6931678639405661,0.5329310904399731,3.185551671225767,7.873479627974694,11.553381085320582,12.781012561461848,25.069463619603653,16.730673654390948,-25.132551333305365,16.943393736805067,175.4828245953554,200.6025906052076,199.23548557353976,130.7390042223786,63.29213581984518,1.4545230692713642,0.8768266300014209,0.38352104365880973,0.9584948248103847,orange_0070.png,orange
34105.5,698.8254635334015,0.7663296258847321,0.8776004603018271,3.2024875970099087,8.660690418444165,14.203376122695511,14.366312635960087,-28.752969872223513,18.70156502774192,28.864553898135384,15.157546375591489,175.47600661886375,240.5099718407989,240.45420501059598,158.1469503875519,75.15084042151712,0.8596984929480089,0.8536909379513894,0.42737683828231504,0.8499518639400307,orange_0071.png,orange
57334.0,953.0092289447784,0.7880962199312714,0.7932825358521832,3.192417436707002,7.705140761819834,11.97066771919957,13.822200393827226,-26.80649240675531,-17.69700282534472,-26.957570911227624,12.622411524343791,173.6670129510354,227.62727681972436,227.62727681972436,138.5335895837662,73.2322875545398,1.0593201303852684,0.8738445183751162,0.29929480015147114,0.9601563760715518,orange_0072.png,orange
46390.5,848.2224295139313,0.7736778906289088,0.8102506960837419,3.198895883060442,8.324675939610554,11.954476187674787,14.25854303727902,27.444229525133956,-18.749372353921494,-27.622517491227626,14.793329538506947,171.39156283600025,237.12423839942656,236.6678472793203,154.6794004174309,77.42512596715368,0.5546592368561735,0.8885813649472609,0.46073657133956203,0.8857300802181757,orange_0073.png,orange
12373.5,425.0609630346298,0.7502728595682755,0.860597307506877,3.2024253718218434,8.636860482576223,11.824696301003627,14.290223913732115,27.468015457850665,18.784196116482864,27.533266035186884,11.49327068567333,164.24408696344668,219.46890180775662,219.46890180775662,131.82129489527753,76.99753125746595,1.290106409965797,0.8475083317415639,0.3563320525930595,0.9127275927427242,orange_0074.png,orange
34758.5,701.3107426166534,0.7697767639633255,0.8880755375692554,3.204390261407836,9.348215140401868,15.096719319919321,18.605604745924524,36.013794504277655,-23.3296591961215,-35.47414316185587,14.640263555720358,179.2974414558316,239.6350152599903,239.6350152599903,153.65501012578795,71.41045095410594,0.7388858915948133,0.8753547402921322,0.4163746737560931,0.8616765050639938,orange_0075.png,orange
44841.0,827.6955192089081,0.7466033966033966,0.8225152238774318,3.1945359275444707,7.864234286916682,11.861880543012287,14.035893374065061,-27.214030895184653,-18.20219077323309,27.077635089583556,13.596013450732269,175.28343878589442,235.46703685677625,235.46703685677625,146.94301137117827,73.7452988805805,0.869040857581231,0.8677888975948376,0.39042786667569074,0.9107538260970476,orange_0076.png,orange
108228.5,1359.1828889846802,0.7376634087160403,0.7361998191433583,3.154086085518244,7.10536163349891,10.960732900534664,12.48748648476675,-24.26459023749714,-16.19326754786048,24.54381815961046,14.526828954502431,169.18160431542285,234.2393056359643,234.23861641808875,154.72652753655152,78.82333048456611,0.6236472098842151,0.9038363884147442,0.372447343259925,0.96140682406102,orange_0077.png,orange
12159.5,611.4284945726395,0.533498595998596,0.4087278513983832,3.150742139701466,7.364136083594891,10.402064456912626,11.652200136220861,22.726140126124925,15.360652984782634,-23.035534574016935,15.694164989939638,156.3748088531187,212.00676056338028,208.56378269617707,132.20338028169013,80.58454728370221,2.0435009013940597,0.8443428819151553,0.49409888965648213,0.8794200051188059,orange_0078.png,orange
147175.5,1617.4427734613419,0.8186604441082236,0.7069481074027342,3.193921626904606,8.065650038443989,11.261550086851532,12.678511493435131,24.703155388798965,16.747440702407516,24.97500555423604,23.89127333455035,170.74185783925952,223.49644699566608,222.31596384116617,147.79437198704557,73.5208075563038,0.4024378094737059,0.8723476327090685,0.30810255239956963,0.9809501779279834,orange_0079.png,orange
19524.0,524.4163004159927,0.7971582557569818,0.8921262088145908,3.204097374336626,9.76758852522855,12.520594420445638,15.823167359980696,-30.238568467139856,21.637287430122026,-30.080655926548594,13.500607533414337,173.94760024301337,240.31252531389225,240.31252531389225,151.24503847711625,76.28295868772783,0.9549177854803652,0.8826370978188578,0.37968742583432674,0.8687782779781001,orange_0080.png,orange
46770.0,834.1807986497879,0.7728534602419195,0.8446112387779341,3.2035405792921368,9.141239507706391,12.7281704513721,14.783514165155536,28.766512179224993,19.463578855791024,28.633337350989585,28.229838966329325,150.76683003415866,160.8618377782021,158.38715973946069,149.65754354698407,67.30959200560117,1.1028536043586163,0.8393917503224367,0.3025785313127365,0.9579322958504717,orange_0081.png,orange
96465.0,1244.0,0.9935831410678971,0.7833193808183833,3.1824116176828645,8.345104826499735,0.0,0.0,0.0,0.0,0.0,23.842647907053394,180.64847354976928,221.32021465062624,213.81453938694793,170.5278922214898,64.33509805537244,0.5570033036409936,0.8797819175976302,0.29490605899238115,0.9905809191768218,orange_0082.png,orange
73752.5,1081.962545633316,0.8052989605171209,0.7917027549810441,3.1990308205306732,8.566526717113417,12.265680209595612,13.455001881458976,26.510949577668697,-18.616209502367226,-26.428538832026387,11.562846904133211,177.88581128415154,237.62246052702486,237.6129627633777,133.7193242442205,72.48788866734925,1.03524901521524,0.887666700840972,0.34889778186340736,0.9535772834110208,orange_0083.png,orange
108769.0,1365.425531387329,0.7476252010502729,0.7331265729888242,3.1970650980920063,8.299379414271415,11.549840279411006,13.139850218069483,25.680407387804003,17.31250980077229,-25.59781937605109,24.108895228690038,147.44259431978202,220.5728498015764,213.86664472120114,167.3757520893912,89.65052760556684,0.833713978889469,0.8788502805696083,0.35038372914001337,0.9506440406585637,orange_0084.png,orange
38791.0,793.896530508995,0.757459189252519,0.7734157849843408,3.1976376245788813,8.201362649235188,11.672671826752714,13.231718041700471,25.734164302094623,17.416125647309496,-26.026357709248757,16.33859676018192,182.44251111451786,237.723133527518,237.723133527518,161.98819561551434,67.91118605958404,1.0886358228549415,0.8602269419300203,0.39856510368200376,0.9154834874679376,orange_0085.png,orange
94939.0,1659.2833946943283,0.7320569366479551,0.4333246380874276,3.1680755847381388,7.5257482918547245,10.65384982747138,11.783521217981262,23.126513455477735,15.912571845878109,-23.1825330239375,15.136113566637201,160.24044511465863,228.01353023763716,222.59327128074463,146.78082263012843,85.12055535333576,1.0069574230189928,0.8191732158163588,0.3225458651234493,0.9434877957893305,orange_0086.png,orange
102602.0,1650.2295689582825,0.6819674310402127,0.47345309655824785,3.141560429775244,7.109197016450059,10.345556807915091,11.139931273730362,21.8873750746466,14.702400135449494,-22.717360269556405,18.886005479665002,170.62481783028585,218.88450925907935,211.2660552241416,142.14194664127626,71.60078114373434,3.1451693364394333,0.8780186980188358,0.36735361297236907,0.8764181236558827,orange_0087.png,orange
60831.0,929.0924880504608,0.7931753875842645,0.8855578200034783,3.2042807385501617,9.49038504466429,13.760853616666177,16.181791590594894,31.159562401885026,-21.002781001627262,31.919987970021324,30.424110788124246,144.146438253258,147.52483914165333,142.49154064735276,141.0670052585165,65.73717215925792,0.8534823554677833,0.8265466075229603,0.28393415286073,0.9622300095883427,orange_0088.png,orange
115165.5,1639.893567085266,0.6961837460102525,0.5381470166545341,3.184490159058375,7.676838785762947,11.843913892949672,12.944013090483702,-25.373585827977582,-16.79640692707009,-25.748133719798293,18.481984611765117,167.39233899427515,214.13181948885966,206.9451042583411,141.04507550342882,72.58171187577878,1.1603953128018325,0.8439138482226658,0.39869467489842214,0.9168221412669753,orange_0089.png,orange
104084.0,1233.1412596702576,0.762587187151984,0.8601380894686826,3.2038915005647386,9.324569841394865,12.119853380107912,15.04073733646811,28.62335435674594,19.703068411416297,29.607670153713553,12.270754671892176,166.576141088754,226.84177221239784,226.8274052478134,140.05821344931414,78.78098743010085,0.5188319992755921,0.8892745190752319,0.34500865534301983,0.9662967220905926,orange_0090.png,orange
98212.5,1318.9574929475784,0.786505381510667,0.7094389543321596,3.198628265465458,8.529229487483565,12.014576616116535,13.277491606283808,26.377064168431215,17.772929252110234,-25.952238399386946,13.702202009561624,176.06792399319343,238.75850822461712,238.7334089619966,148.7749169435216,74.10349647516409,0.750757552967942,0.8849019788122372,0.3906370656523782,0.9434766343697609,orange_0091.png,orange
108932.0,1328.8225090503693,0.7217289905387857,0.7752314610630847,3.1971851633093418,8.27883195165751,11.432328684291932,13.211041494674816,25.573106244502203,17.35047541300002,-25.91789946448533,24.13867833202433,147.19223182158578,220.97921423222343,214.16413085170507,167.85469140988877,89.98223711848618,0.7223047570253438,0.8842845738700235,0.3701707601201557,0.9536853873074813,orange_0092.png,orange
66470.0,1397.9797899723053,0.691531419059509,0.4273992509802679,3.1615024896452217,7.371144487000054,10.716300313313871,12.374161485831042,-23.999279596903627,-16.067720446616228,24.175251311026443,28.797141450460263,167.34445820341057,196.09376818297105,176.8107329881988,149.83048622197026,63.656004296775926,2.94441255876443,0.886364284285968,0.3713747669357225,0.8502280116119628,orange_0093.png,orange
39070.0,851.9797900915146,0.7632051883106735,0.6763861237827348,3.19563314603222,8.207293543418398,11.536744278840203,13.190341312808378,-26.604641299432433,19.00302156493772,25.55560980540951,23.632119728723676,137.18303503135996,205.9767477436133,200.55897200550712,164.45206771709755,92.67525878333588,0.8966180928378149,0.8403965337558044,0.31088798777874027,0.9505602344100587,orange_0094.png,orange
225713.0,2267.8418300151825,0.7843629893733103,0.5514941551567426,3.1260009621031006,7.067865020257788,11.04108457365169,11.944631124363756,23.631990848052524,16.484905790716258,-23.551444009705612,14.058652607340942,131.70265713946327,224.29878199212362,224.2987728547802,163.85527361774837,111.64412788625835,0.6863021812793713,0.8695604243920918,0.30161625560332406,0.9873580468723007,orange_0095.png,orange
44475.5,1111.938159942627,0.7889084007379027,0.45203226376220823,3.1902347875658994,7.9313858477519785,11.504876799065169,12.553721095375376,24.583135153319198,16.524792681049988,26.22089686135416,27.529392147272,158.29089777224422,156.3896793988172,152.41486949175152,141.9688959046645,60.95268798079061,0.8474099684228663,0.8531199849638813,0.3343124091674657,0.9757864535340056,orange_0096.png,orange
70795.5,1238.7077114582062,0.7138370170202468,0.579799497796562,3.1832807647283534,8.183687525739321,10.879708869644686,12.593893208965275,24.353143285179964,16.830181445495917,-24.83460037540278,18.213768577945906,171.1616299003981,216.50896133520354,215.68789050877714,152.0999844150692,70.16430767487,0.9196275564786385,0.8601119769939013,0.4223126907874166,0.9657736215805676,orange_0097.png,orange
82919.0,1098.4305812120438,0.7802305339920019,0.8636120409489164,3.2035795379335954,9.196107045612973,12.077311973796384,16.10647143594227,30.24810020539182,20.9621838249783,-30.542794289951512,11.542275730576907,178.09557157075534,217.79955152111089,217.79955152111089,124.77650402311944,65.46729341791277,0.7166854625167789,0.8843873412110129,0.30452458577362346,0.9671301125115811,orange_0098.png,orange
90773.0,1379.4600195884705,0.7604466858789626,0.5994435850151432,3.184079467806896,7.7834833046737355,11.063451773433428,12.305678714811295,24.02768043018346,16.25218249036319,-24.390423045474414,18.551414655502654,173.70118754446452,204.59950747003776,196.12012258523504,121.99553439500903,63.46604279538116,1.572114923909791,0.8589604176393706,0.3125692791607672,0.9461512984405969,orange_0099.png,orange
56314.0,911.7787802219391,0.7754185944040538,0.8512307018234262,3.2043811676626905,9.798117879550903,12.892446456741911,16.307211292609786,-30.968722867089813,-21.210211761107814,31.21044741375444,16.74683477340857,159.1642038441192,226.68594604126255,226.62126609063657,157.00405572209488,82.2870745900194,0.9020832536511622,0.8652087303859632,0.3821742248670751,0.937273818269524,orange_0100.png,orange
60658.0,960.1463098526001,0.7171586999444319,0.8268431189884818,3.202716655437875,9.089398005679888,12.141450636449965,14.823377438353337,28.907924544657103,19.609463327310912,28.319800966591142,10.948662943979564,152.16833969246892,190.26172892069366,190.26172892069366,119.9694597736912,77.07275615307776,1.768093868388208,0.7162311780032564,0.3073228156726895,0.9203075912857959,rottenoranges_0001.png,rottenoranges
24351.5,1461.0163677930832,0.300784337944664,0.143359150640029,2.88386120337625,7.990777734632144,9.644095215243638,11.402482785479089,21.929572087015245,15.406555634176271,22.806137315074473,18.231962109008727,101.52032793979757,169.65537470247398,169.5688938042459,133.0300050489265,101.87971533671531,3.968809218007141,0.8061760537063516,0.5897670674243667,0.8216400278961594,rottenoranges_0002.png,rottenoranges
76063.0,2672.812391638756,0.5934864196374929,0.13379699582780313,3.009111938455408,7.595420784342384,11.915889209292775,11.32922350384913,-22.95773424179488,-15.180109415586374,-23.735709082094324,30.219284444273892,113.29626360694321,151.6419663072259,145.88427542627628,117.95398902490503,77.89512260639319,0.7607838357260057,0.8629440339776777,0.41142095448039023,0.9775389124535616,rottenoranges_0003.png,rottenoranges
57068.0,1284.6660817861557,0.7575733439532722,0.4345322365007568,3.168969747724918,7.890819334482182,12.35513455412711,13.436210847224615,26.809795990465084,17.391539558463602,26.357361113028634,24.71590990990991,71.88868468468469,198.34106306306307,196.3836036036036,178.94189189189188,140.72495495495497,1.5549405716662625,0.7200792728739284,0.2892727372250959,0.9579925268922143,rottenoranges_0004.png,rottenoranges
36894.0,1139.920914888382,0.6416347826086957,0.356792867022998,3.1522037476547373,7.461468969391901,10.870846869007686,11.398525480745658,22.534642983991784,15.129781690796635,-23.6244344448966,16.817921299121714,135.8202828561573,132.8877066362406,132.05590787274127,96.58380874041447,55.3367739538833,3.9929349372982093,0.8200331264542278,0.4200793741716059,0.9004816729455669,rottenoranges_0005.png,rottenoranges
24417.0,887.9797896146774,0.4457771935589878,0.38913115624135686,2.863904856153429,6.4276024196435975,11.49212257544976,9.353532463770971,20.020177819033837,-12.572630354430176,-19.861823980545783,15.760018639328985,151.12414569742157,231.61494252873564,231.61494252873564,147.9496349798074,93.84207051879466,0.49838779683449885,0.9369769593481861,0.7959396025017329,0.8658657019896492,rottenoranges_0006.png,rottenoranges
175968.5,1982.0499827861786,0.6884526604068858,0.5628797068920877,3.070088362381659,6.5699999766981465,11.190044431787747,12.105122183379674,23.8279469393379,15.454851750691452,24.019389586873398,8.440783408835124,167.751454894043,206.0451087847888,206.0451087847888,109.19203470254557,72.43457925425723,1.184159714580757,0.8187811954833575,0.3455814183796809,0.95706657069864,rottenoranges_0007.png,rottenoranges
56556.5,932.5067014694214,0.771144380360235,0.8173131118757263,3.2014539343029162,8.480059816044093,12.112020279533139,14.800584109195553,-28.266093323931976,-19.375254841935423,28.947791154060877,15.46831698857334,152.2552951740409,229.09732908428262,229.09732908428262,155.31144250576614,88.83580118668239,0.8815307195906041,0.855489331221385,0.4079458691083583,0.8860835215761793,rottenoranges_0008.png,rottenoranges
109826.5,2484.3443570137024,0.7019686171742674,0.22361113210202058,3.154929497957352,7.753122809992846,11.779414548501379,13.331030207283089,25.8918006098849,17.238669609614703,26.68532865581411,22.586477035537765,100.04301036405201,189.04768186787868,188.87011050772108,161.8363527934147,111.18542346233431,0.7676896447373436,0.8712832910428135,0.4154118236310552,0.921233020420212,rottenoranges_0009.png,rottenoranges
78699.0,1334.5483310222626,0.7670841658950242,0.5552779972378258,3.1881461473712767,7.634122391284031,11.438224404338804,13.084466164297611,-25.448051526490346,-16.967648431511208,-25.55849600200181,14.124979508455127,147.87620584860215,146.14650508820822,145.7368381231006,92.23755059835311,60.62890757998007,1.3958324051576414,0.7949496346892669,0.2691859112411174,0.9668841749159572,rottenoranges_0010.png,rottenoranges
110913.5,1287.1828883886337,0.7581548115438774,0.8412280759403782,3.0707067349550337,8.16236034653609,11.258599082656284,10.992816566113227,23.645956679710967,-15.301094075694161,-22.118715851877834,13.122338375019842,109.97046418286129,181.43599628109482,181.32762647679087,134.3114129572099,103.17809927662759,1.5756145771179335,0.7866758396012784,0.4285204781908224,0.9136308329453959,rottenoranges_0011.png,rottenoranges
40906.0,1145.1168730258942,0.6763558201058201,0.3920100941758617,3.1469615132471835,7.320380143060773,11.014860011319326,11.963511007448071,-23.453627852915876,-15.634243004387624,24.636985961364882,8.99475515906083,139.6646487917259,136.41833733640507,136.41569040733296,84.06168815254154,66.27025635998235,3.8384843463034315,0.6888560655524179,0.3461143071963225,0.9029051551943842,rottenoranges_0012.png,rottenoranges
121647.5,2981.883459687233,0.6350194450969645,0.17192210504473535,3.0568827339583917,7.472674603473905,10.557496323886507,11.412198682128352,-22.401252824147612,-16.37309120104264,23.255555644408528,34.41504871004063,107.51951828462329,118.58156361678171,117.12938757526803,97.64041709502129,77.39294071571939,3.573343255493493,0.7949371447057566,0.4837482814002538,0.9436433240962647,rottenoranges_0013.png,rottenoranges
111991.5,1266.9574917554855,0.7998821512749089,0.8767400336688328,3.1298127724440885,8.081269711949878,12.012223194871082,11.612690541148707,-23.42604911925758,-15.747927861679488,-24.61644179915215,23.807827184738393,131.12713664509147,200.66989960523415,199.39719054966636,144.53182173416428,95.06340300182353,1.663973930093507,0.8221007024574711,0.33671323097107886,0.970754174077582,rottenoranges_0014.png,rottenoranges
40682.5,1263.2274831533432,0.7138282565974172,0.3203718622145936,3.1005628016848332,8.204481667678632,10.008045872645283,10.972014697282887,21.496305677224658,-15.264080297274065,-21.87992921978914,18.95378151260504,143.02826388287275,182.39987438274278,179.15825608593954,108.91499176990384,88.1186433336221,2.0172658825594314,0.8237512589747819,0.4010097308111624,0.9555219666306316,rottenoranges_0015.png,rottenoranges
9940.0,386.19090509414673,0.7395833333333334,0.8375141722356618,3.1997751965493215,8.187982185070355,12.729335329183382,15.58465903159339,29.742394207484022,19.678812885698164,-30.976375405544665,13.87821527502968,185.81123862287296,187.22309062129005,187.22309062129005,115.05668777206174,51.66610605461021,3.095830223981486,0.7443449488167291,0.2962379875412082,0.891502275938497,rottenoranges_0016.png,rottenoranges
28689.5,1114.7665870189667,0.6149287321830458,0.29011150849696576,3.1424238411544785,9.957542199495212,10.65701235102116,11.357887711605349,22.532550847562845,-17.158201010783223,22.50034749607402,13.053784399881067,95.48521589745285,208.752089596617,208.75030559318114,160.5575671479071,129.34315636459743,1.2283415656116063,0.7805988257975682,0.4040770956020371,0.9122002309327308,rottenoranges_0017.png,rottenoranges
92829.5,1462.4722117185593,0.6435945256385368,0.5454069020518981,3.156665687383904,7.253277147189853,10.866190776309598,11.749415927501872,23.44956986226185,-16.17665724371208,-23.096160796501994,16.543317156004655,165.58630412679113,228.94401526189452,228.35483904780872,149.94766302240018,78.93924591985409,0.5758332082533508,0.8998561150255693,0.5724151984937643,0.9271903179350949,rottenoranges_0018.png,rottenoranges
38982.5,853.5117527246475,0.6771557115063924,0.6724508397507443,3.153815324933516,7.143920574588549,10.520561034214868,11.53218139092706,22.609127591379803,15.208171978246058,-22.899758781586044,17.850033026777094,137.54575478888268,151.51544636959505,150.31139169757634,116.64277729790153,65.40099588435547,1.7343634984277272,0.7970866124439163,0.32808308118316926,0.9759801854118452,rottenoranges_0019.png,rottenoranges
17011.0,797.2447283267975,0.39730474588938713,0.33632286672941253,3.0723619313547483,7.671599037075207,9.879744791927925,12.141267503708352,-23.152392085380615,-16.546298440469197,-24.424813325093552,66.55938133542607,96.20459747563926,193.22362827807206,163.38931397554117,151.50264861683343,153.17209469622654,1.5493754808077178,0.829746618849166,0.4472973190132159,0.9384049905790193,rottenoranges_0020.png,rottenoranges
21267.0,825.78888463974,0.6068310220852594,0.391902495928758,3.004565419206953,7.267278201995429,10.858933961589953,11.295151338587177,-22.405907558440127,14.970341699544258,-22.793307510932223,20.06492141355491,86.41060166182801,182.90737311042147,181.57057763539893,147.05188207027732,117.75956051656823,0.4585150824330745,0.9009274182345888,0.5439200897326111,0.9218019730129143,rottenoranges_0021.png,rottenoranges
29575.0,1201.6955199241638,0.3828181629905768,0.25736277648586897,3.0305750773683426,7.990911677249413,10.315364761374802,11.688202922783583,23.566091962663442,16.20348602951243,22.693863038499025,22.66145275726288,122.93108203741676,175.20811482697925,173.22508120270737,128.29381770672666,79.98078353807908,1.5027930592203944,0.8267985333211496,0.5150197490561581,0.9283590722760628,rottenoranges_0022.png,rottenoranges
184371.0,1720.0,0.9953517750712619,0.7831511345795075,3.03255175473157,7.574828936245704,11.273047975466055,10.7500838239757,-21.95796724243917,-14.651301067328047,-21.87436059526228,72.41859881084896,108.93912388347405,138.94458773382564,138.94356962506447,93.60960280183531,72.0846998615372,2.2919508194370417,0.862240828487185,0.2777421828443463,0.9738693250600662,rottenoranges_0023.png,rottenoranges
66603.5,950.9919919967651,0.8258133710261369,0.9254505035889338,2.7848979566372307,6.8944511909160076,10.372589239140234,9.785154888618614,20.300038894897913,13.765815056130482,-19.895335495993177,33.12615548522545,85.4639175257732,194.61921474007457,185.3793438410679,159.5042145833986,137.8511578353649,2.4316725014104392,0.8660767270663995,0.6282569638351359,0.8953663514297864,rottenoranges_0024.png,rottenoranges
155977.5,4005.8245844841003,0.5436119862822729,0.12214845104608948,2.9302066843719228,6.750323674938786,10.099779351899805,9.718826081970883,19.628142259481972,13.095421140061235,21.73198086888486,14.702059031990679,109.60014055235875,161.75058563482816,161.26416635633026,115.43063681030237,83.59297478466658,1.1020287254028729,0.8770666777384106,0.466204250342384,0.956195072961959,rottenoranges_0025.png,rottenoranges
176760.0,1900.9116872549057,0.9891216760676873,0.6147095711673192,3.057472703435295,8.056359357037323,12.281972774250994,10.812002161237812,22.639785500425656,-14.897246460880995,22.428645558546226,74.14475224616749,122.4713107088676,146.49971251827068,146.49923453660023,87.16815256620738,65.06118858108717,2.2801633725199872,0.8722852458066508,0.26671345142673797,0.9722881364439542,rottenoranges_0026.png,rottenoranges
47233.5,1123.4772614240646,0.6124040555958925,0.4702528302649935,3.116758895863884,6.99102755700131,10.095179305517794,11.148461228738231,-22.72869435777779,-15.227656697930081,21.772927385929258,22.435785653198725,164.97753488663147,187.5631922571494,187.43378319183998,156.03431300974114,66.33286748294779,0.9041959457932176,0.8925282747696723,0.49183877874626347,0.9416585592884708,rottenoranges_0027.png,rottenoranges
40982.0,944.6072063446045,0.6210805486095324,0.5771656871156007,3.1393024517043377,7.363843119752236,10.066344202916857,10.86049763853107,21.33354809737349,14.546678279048963,-22.005289965252953,14.440396950260196,118.15454435435072,111.07447658235508,110.57901488563476,82.5882125136149,55.42178385574247,2.9292695454904716,0.8098252717654568,0.40299049256667363,0.9233008393452876,rottenoranges_0028.png,rottenoranges
138965.5,1404.5209809541702,0.7677312604967736,0.885238708886764,3.202549390536282,8.58409632236062,11.946624116878072,14.788629181290153,-28.166326262708985,-19.108794090511918,28.828124687407136,6.849869236556443,171.986250134346,184.89417833984166,184.89417833984166,90.72207215276036,61.38781213054849,1.224238626310777,0.8171326735817037,0.2886758426414834,0.9524582657671216,rottenoranges_0029.png,rottenoranges
80612.0,1131.2590073347092,0.7341578477623358,0.7915629527804396,3.056691022704219,8.094040021888558,12.149920552124401,11.630270111870326,24.103822880087595,-16.53968700547906,-23.535678523374255,16.729520272551486,120.0555385040361,195.67972130996594,195.67878518154754,151.99805101132563,102.70941653110708,1.8300928293197718,0.7592739735232521,0.44304082759560265,0.8604260986785142,rottenoranges_0030.png,rottenoranges
8352.0,354.53405129909515,0.7262608695652174,0.8349960918950545,3.1986546798131488,8.18149880721525,11.746112753702441,14.287963164603223,27.359664946696306,18.90928372155324,27.631287125716433,11.160493827160494,186.1514403292181,107.6660787771899,107.6660787771899,60.77530864197531,31.944973544973546,4.02315834739462,0.7149096859284703,0.30830700707930636,0.798964929237713,rottenoranges_0031.png,rottenoranges
134856.0,2146.528133869171,0.6810083626227124,0.36779597127670427,3.149668174949034,8.285903250689957,11.558790204974382,11.369360685497645,-23.20785102499859,-15.576235619955435,-22.87608153440877,15.269423167109583,159.24851137607118,150.05238250884648,149.61477681299473,88.70446374010545,51.60942629357511,1.7398502431276461,0.7962059824626964,0.30938164260513834,0.9680759133006913,rottenoranges_0032.png,rottenoranges
10968.0,638.4163008928299,0.5021978021978022,0.33816555647293595,2.9142114955532956,7.630490511194783,9.942523361111041,9.535880612278227,19.275443369295846,-13.351147503759607,20.6650247143702,12.92009078813493,115.87234875166314,197.31243640917273,197.05807310010175,143.57861782891132,107.71206073413164,2.270753700164063,0.8369692365012611,0.6096504461112805,0.7721703763428912,rottenoranges_0033.png,rottenoranges
60596.0,957.1513624191284,0.7788188419767367,0.8311752012328604,3.2027803668214085,9.132475976804907,12.128199121681126,14.808912127316097,28.899858941524723,19.63004909108618,28.2901920579608,10.935265003769379,152.26395489855452,190.21765708479464,190.21765708479464,119.88205119800715,76.9640106198171,1.9088908335900938,0.6916522945566057,0.2532122622427025,0.9201668846981987,rottenoranges_0034.png,rottenoranges
120114.5,2513.658063650131,0.7269533377715911,0.23888721227835708,3.1760307413602282,8.272072111690571,11.892728980769995,12.26376832053481,-24.482348992268907,-16.883273842928844,24.50321606578764,16.106111345389,136.72878062494314,208.6583980353732,208.65791845475817,158.5281174807134,95.18580441379538,0.7724605650114635,0.8676472476768715,0.36124141740238414,0.959361803211792,rottenoranges_0035.png,rottenoranges
7373.0,463.16146767139435,0.42083333333333334,0.43190601764121717,2.4683368955172464,5.450884816166289,8.183215147036567,7.98983153888956,16.13330908073188,10.717222592406435,-16.394824198388147,18.908341207800017,99.49798127308651,195.39317928013057,195.04243621681985,156.63723047848123,112.48681384760759,1.3120707844764838,0.9388006843225913,0.821359489915132,0.9099632416082563,rottenoranges_0036.png,rottenoranges
43065.5,2297.5260351896286,0.4974414951371081,0.10252233171131253,3.0130962660876794,7.363689340707997,10.384180140524528,10.505625883837695,21.414204816491562,-14.51351221401551,20.977845905259183,8.67085861965526,113.93324411011376,178.55439924314098,178.55439924314098,122.51641784156725,100.54362323188037,5.612261341189891,0.693973421642311,0.49447284568124344,0.740191386991953,rottenoranges_0037.png,rottenoranges
16969.0,1456.7249561548233,0.541656026557712,0.10048725729227964,2.9459504743753606,7.9891311550879385,10.49205323192881,9.978275423740866,20.254231289141796,-16.82546284893965,20.59660845209851,40.33990724691994,100.77355131868647,98.98622757296107,97.07513936384504,75.61741696725535,60.23314751487329,2.883288098665927,0.8528740558834851,0.6054466989952757,0.9269548061256414,rottenoranges_0038.png,rottenoranges
189097.0,1701.6854132413864,0.835307889389522,0.820608385680053,3.1992103484472314,8.562930126442602,12.068907780301918,14.157840683946604,27.556799211833535,18.58257448078825,-27.339087037706086,15.023585054722805,181.06310239853372,192.99660286728536,192.9950860080267,125.02905733517322,57.9310829743082,1.3509641598133348,0.7188104267764499,0.20053887744444387,0.9787754510348247,rottenoranges_0039.png,rottenoranges
65055.5,1001.3351300954819,0.7634367592179688,0.8153329190763159,3.1957702410340603,8.124424184011986,11.192568413092358,13.286771948991255,-26.33574808835784,-17.699595662834383,25.531731710669632,16.768910129172138,171.8848596818029,234.62195010229945,234.62195010229945,167.04417198522003,75.98230372247839,0.6494193700862376,0.8644179412787986,0.3811465690508901,0.9656327046465867,rottenoranges_0040.png,rottenoranges
149928.5,1661.2274836301804,0.8776987472192952,0.6827093408813606,3.052815536167183,7.902560058966955,11.619686979019509,11.359418058481744,22.865367438446402,15.534695025149723,-23.418114218885602,15.808823311666197,139.33189955135703,231.96079926558775,231.96031064453558,173.40163910152953,107.20131927684085,0.9505882503734409,0.8266473227542183,0.3224500097054262,0.9743981640956767,rottenoranges_0041.png,rottenoranges
35204.0,1360.7737259864807,0.5215407407407407,0.23890764417286695,2.981945625179049,6.917356682970785,10.155650701895055,10.323427123586011,20.81935380057659,-14.103047826283838,20.642618492079812,21.424230886384404,151.27254035942735,152.41689511625546,152.03789724845163,97.44106000609199,63.36615392425627,1.5714782230632829,0.8468084061896777,0.5350696490284622,0.9049569491255641,rottenoranges_0042.png,rottenoranges
60968.0,1219.8620400428772,0.7126092851465706,0.5148614536826518,3.1879144042377825,8.846376423168525,11.097887259816366,12.855787744851696,-24.879681019986645,-17.41254488319891,-25.18779912830502,15.007279687218832,143.67014019532465,189.44368466685208,189.20608876310752,131.81015557264146,81.30134633316429,3.3319258202571658,0.8188899112876501,0.3376703134643939,0.8468684936611655,rottenoranges_0043.png,rottenoranges
31117.5,1289.8792839050293,0.640752409191994,0.23502627998356282,3.0737414223488715,7.139668642971365,10.48753553505645,11.528473709736607,-22.538186458490987,-15.405152256015054,23.5894489961406,46.00138674398815,110.91660625925809,168.43222288757917,147.5144505026947,133.51196066689778,118.52806580730562,1.0975319314251133,0.8387543625269863,0.37532794893949456,0.9562096683286387,rottenoranges_0044.png,rottenoranges
2838.5,282.6101714372635,0.6034226190476191,0.44660459341926706,2.3793528331108598,5.032899090114477,7.2772949916097955,7.229205847345414,14.48477997561473,9.762984594590746,-15.468903392378332,19.66359102244389,79.30423940149626,134.20349127182044,133.67506234413966,116.99576059850374,89.74064837905237,1.6837997530994548,0.9375013753738817,0.86098245442689,0.8447968224637089,rottenoranges_0045.png,rottenoranges
139932.5,1414.3788468837738,0.773073565809246,0.8790163480312269,3.153733344108854,9.226760408619771,12.0441231844814,11.91460146371266,-23.922280476930506,-16.69857291781384,24.35032421779841,9.723088475300932,160.71972477415696,202.93622759767376,202.93509359364344,115.50615656917807,74.84263395422607,1.3982027121118867,0.8034917943156312,0.3318861855472976,0.9397801914280213,rottenoranges_0046.png,rottenoranges
137726.5,3311.172783970833,0.7383848727241534,0.1578569427851458,3.1325822994145924,8.673634259968724,11.234642942612549,11.554225869707873,-22.964895874354248,16.800659170027338,-23.519870504953595,19.37503621718723,151.2312250101408,118.58608825404184,118.028068320102,72.57289071101582,43.28689082691082,2.1090377538565237,0.797492046426141,0.29023967559202635,0.9702669131195929,rottenoranges_0047.png,rottenoranges
44823.5,2189.0651358366013,0.6537563992240712,0.11754340319596768,3.029033949879303,8.66785684361897,12.704538220907505,10.385810123630696,23.096507108158605,-15.532627123702474,21.931999898719813,24.588004143893116,117.50026792412389,223.36886007216089,217.39559889972494,169.53268674311434,124.14478619654913,1.887197746440961,0.8510559751185133,0.5013776717403869,0.8002839865726492,rottenoranges_0048.png,rottenoranges
58664.0,2325.082382798195,0.5227542082141489,0.13636560543092652,2.9732464103622362,7.493302942353067,10.629081080546584,10.665268902956278,21.398552845413356,-14.801942711640953,-21.554930481081975,23.94314982926626,129.44270842008828,155.42618472557675,150.47094195052887,108.19312067960357,73.214075122845,2.165782639759314,0.8821341520831711,0.5062772365187017,0.8787122206036491,rottenoranges_0049.png,rottenoranges
114520.5,1286.6387312412262,0.7609588358417223,0.8693203739789408,3.1330800780844146,8.326128271472472,11.449730345661191,11.588109978037098,-23.123657874087833,-15.922033673039353,23.67325157874745,27.020482351561583,129.75005863268578,200.3073134503381,199.06602040417465,144.36344447484657,96.29460970175508,1.591423647785622,0.8290443844911642,0.364434558680347,0.9704116060743138,rottenoranges_0050.png,rottenoranges
190828.5,1717.065137386322,0.7822892070051161,0.8133539112546712,3.198538047855566,8.184377342292429,12.141426577424022,14.291329204346862,27.538223265514024,18.412108382614495,-27.948898665147485,14.997338037872936,181.1609234398814,193.7986825897238,193.79718980311918,125.4204908449381,58.163522767605485,1.2555785773590875,0.7372059192268471,0.24536599003871762,0.9787501938971543,rottenoranges_0051.png,rottenoranges
169565.5,1573.9280552864075,0.8257148561522429,0.8601567570962472,3.1738363379665833,8.074946739171489,11.164661774421209,13.632718894816653,26.191342794490378,-17.697738137260373,-26.17289725569242,15.53223356161866,136.14133271259325,221.57164034647096,221.5684304669027,163.02105411464905,103.09202675716404,1.160968473600767,0.7926061307402097,0.280934255574272,0.9661744723542479,rottenoranges_0052.png,rottenoranges
95089.0,1180.8569872379303,0.7609555057618438,0.8569303741633001,3.2041456292163617,9.819650270178936,12.827487567843155,16.17962362001176,-31.108533977989772,21.345341894660034,30.71618848919223,9.515555183491518,161.23387712817723,190.12934922511852,190.12933876081746,110.5710473718908,73.20893023450499,2.7550909152164573,0.6715119535967637,0.2624333007804502,0.9436711163964252,rottenoranges_0053.png,rottenoranges
72960.5,1363.536137342453,0.6778195837978447,0.4931333346428661,3.1517670471277697,7.1808233989344075,10.984969451729459,11.751600147938317,23.355703647912133,16.77781834136819,-23.209314634573087,16.42733015272262,163.24010501345984,228.13811668754497,227.5583837522322,150.2605879687625,80.30194035022255,2.7555103487104775,0.8602765666868101,0.49701433889218705,0.7551443326104473,rottenoranges_0054.png,rottenoranges
109096.5,3924.289655447006,0.4981029476221784,0.08902225084064717,2.9150902111258534,6.413701417912759,9.625482810924725,10.986552223460517,-21.47926339942551,-14.205158900870545,21.412081705738686,24.709677715967082,93.88912693669256,192.99857477817113,192.2519056595099,162.15808008827182,119.74391062479886,0.9953097470024362,0.8849244433456437,0.6604605990295781,0.9414985459227649,rottenoranges_0055.png,rottenoranges
71427.5,1137.3595163822174,0.7161728580738959,0.6938726706270666,2.9990197830022565,8.157774929008923,12.2337929467406,10.599453445033062,-22.017275391750132,-14.679249910574544,23.14568843793486,12.703090195523814,161.9102110808613,222.08821553583425,222.08821553583425,139.34002757840398,79.29984442951596,1.2823481291925236,0.8746016058740673,0.5172746268985641,0.9173107757566523,rottenoranges_0056.png,rottenoranges
103423.5,1858.261095404625,0.6934565715894919,0.3763705430528916,3.167280748535037,7.916073226437632,11.336106898207172,11.914552754071325,-23.931592334999223,-15.954432751300685,23.57895019015605,15.887735374859838,152.13119127711403,207.63178092255345,207.54643699493485,142.22914975060897,80.1246085140935,0.8467083511964015,0.877767617502692,0.36725789098983863,0.9572964066456124,rottenoranges_0057.png,rottenoranges
79217.0,2300.905758500099,0.6725502181923149,0.18803149253926962,3.066560797223011,6.7313833041691415,11.68362337417977,11.484608669711365,23.27136531589611,15.023929998320272,-23.177236010379612,17.872129299003948,105.64619432437512,218.65567875712586,218.155860427238,175.2786443650943,126.26329637286224,1.0188741196116182,0.7914884034097985,0.3738255988902143,0.950460530030862,rottenoranges_0058.png,rottenoranges
124708.0,1328.88137114048,0.7794444861121528,0.8874251888681765,3.19798870942479,9.16194499213526,13.386723395035942,16.003980334808787,-30.75483790841322,20.686122602335082,31.022702541041536,21.240064325311526,126.39045302474423,202.30017131866887,198.82808333198648,151.37715966576698,97.10512663035573,0.686835229520348,0.8513253654485093,0.39934707470737096,0.9107910828633217,rottenoranges_0059.png,rottenoranges
83679.5,1540.1534510850906,0.7154540013679891,0.44330328944327474,3.184315940846402,8.311365665081214,12.145954014487764,12.418159409434095,-24.82991739659421,-16.575424119080115,24.873753415238124,15.492282340667678,153.31221547799697,183.42480320561458,183.41584076251897,130.03778215098635,73.87175170713202,1.2349241199581589,0.8305418019733665,0.3372481608629664,0.9467905996507147,rottenoranges_0060.png,rottenoranges
9521.5,377.1198379993439,0.7466086411040539,0.8413108280756223,3.2000570953832868,8.229141808387052,12.54876416868883,15.236701020624043,29.674594873276977,19.654471009531882,29.147828489687708,13.709374354738799,187.17840181705554,191.22578979971092,191.22578979971092,116.52044187487095,51.42814371257485,2.5791069406552376,0.7375337676209381,0.29342706466854646,0.9013276096126677,rottenoranges_0061.png,rottenoranges
4738.0,521.1025922298431,0.24395015961281022,0.21925951709123473,2.663192193944881,5.581254873316287,8.249917727303965,9.059573901141722,-17.75358762512161,-11.872075542977369,18.105016140335586,19.305275875956504,138.19573097060007,228.15585984695932,228.15585984695932,186.59041482078132,103.79601288763592,0.3348744904597627,0.9328822180164408,0.7707771103546752,0.9200644736568624,rottenoranges_0062.png,rottenoranges
39719.0,1391.979789853096,0.5903186493074134,0.25759789524123333,3.104365753098208,7.477800894798208,10.176322190982876,11.12396610219131,-21.784512566857646,-14.965921292386284,22.439102738123598,13.346841831811771,126.71050743462233,142.8618966327717,142.86145129765706,104.33721764516687,77.04089660803088,5.759216182615036,0.7198890691480287,0.40011938006824876,0.9153567266124595,rottenoranges_0063.png,rottenoranges
77364.5,1218.30568921566,0.7711772328548644,0.654996595352973,3.1788259777727608,8.391595493907355,11.701528986980927,13.375498302931181,-26.009885966102562,-18.267328418727608,26.13771475925618,21.715101706988893,115.15738859720867,149.9687227923911,149.30245626995224,111.91838376909479,74.48191436034087,1.703627809189494,0.7658982720135478,0.27649422589627126,0.9467395471314506,rottenoranges_0064.png,rottenoranges
16484.5,497.68837904930115,0.7446582644441433,0.8363164564040035,3.1996928819122723,8.168335049706004,12.49380667564258,14.925740877892467,-29.58175744006154,19.39015993554651,-28.638314055822235,14.499251541823844,184.31483144721872,216.03107598347404,216.03107598347404,136.92389677264833,60.61798694688941,2.077020612027897,0.7817094587442326,0.31585775465551535,0.9191208246137099,rottenoranges_0065.png,rottenoranges
40946.5,1108.6488345861435,0.6831247914581248,0.4186379930594289,3.147610772139909,7.324432732815549,11.033148983664173,11.983895614221929,-23.492650097937755,-15.659422845902153,24.977994285885497,9.019389428844223,139.56368888780082,136.49621759247924,136.49359806105713,84.1921805762969,66.39055499791907,3.851273346467968,0.6854453988429257,0.3393554764536366,0.9040621172241727,rottenoranges_0066.png,rottenoranges
41633.5,1981.099628329277,0.5216838332957422,0.13330307055592447,3.012584783447733,7.320281130084614,10.351378686576696,10.51017265325626,21.532712051896553,-14.439204332432388,20.955666776630785,8.657133137316842,113.99810463392706,178.3027482808058,178.3027482808058,122.2059145141302,100.26928777974874,5.7567250799456575,0.6859394401434038,0.4797883131971758,0.7347454599365579,rottenoranges_0067.png,rottenoranges
49298.0,861.4701235294342,0.8262603915258783,0.8347544132011355,3.0678431319491346,8.33941782947015,11.26041805670815,10.650944114181815,-22.57968232617872,14.933930916642076,-21.609097550284023,15.469566304211973,130.13578302712162,234.3910261217348,234.3910261217348,178.36070491188602,113.24001999750031,0.8364753564900773,0.8206506717434973,0.3995443761156535,0.9404496320923648,rottenoranges_0068.png,rottenoranges
128716.5,1444.330075621605,0.7873146652965355,0.7753738974479766,3.147077982159055,8.756705553587155,11.773252393937193,11.892471046878565,-23.725952717590562,-16.32807464744702,-24.997841387818834,22.227413753962313,158.15412879520403,190.84204552142802,190.6388302657799,123.68800921527246,68.32752053677281,3.7514840658320976,0.8356516016217943,0.3445685364222863,0.9064390423532911,rottenoranges_0069.png,rottenoranges
14029.5,694.5512962341309,0.5845625,0.36546299172168795,2.9953206587490695,6.968800305224302,10.278732691301819,10.492644752428495,21.59493540816587,14.094404815917006,-20.886493373511826,13.116317005754679,99.92428293080792,215.8176174724727,215.8176174724727,168.55167882550182,132.43137432597763,1.167285648364043,0.7830690957996111,0.46269082441445414,0.9276363472520415,rottenoranges_0070.png,rottenoranges
35643.5,1286.6488372087479,0.5390484400284319,0.2705640824085922,3.081378327739587,7.379730612093406,10.394967357055863,10.533549225218874,23.592533666641042,-14.760599157893502,-20.997808920150362,12.216534242432573,152.70164682594233,168.95502158194265,168.92535672064443,113.04602314903913,72.63120996343442,2.569061459139777,0.8176168259274768,0.4573033413885762,0.9375545573191143,rottenoranges_0071.png,rottenoranges
135500.0,2495.0722784996033,0.7004140454984829,0.2735161011952636,3.1637528611950025,8.387607621110273,11.888246581916913,12.92108153949378,-26.00018365107077,-17.501305508541687,25.335694829873237,13.956844064011909,125.30820245627093,208.91554893933755,208.91553405284705,153.74615556382582,107.74850762932638,1.2405253530342106,0.8307157736824268,0.35327052901074196,0.9520635014515505,rottenoranges_0072.png,rottenoranges
176760.0,1900.9116872549057,0.9891216760676873,0.6147095711673192,3.057472703435295,8.056359357037323,12.281972774250988,10.812002161237812,22.639785500425656,-14.897246460880995,-22.428645558546222,74.14475224616749,122.4713107088676,146.49971251827068,146.49923453660023,87.16815256620738,65.06118858108717,2.2801633725199872,0.8722852458066508,0.26671345142673797,0.9722881364439543,rottenoranges_0073.png,rottenoranges
34998.5,986.6833279132843,0.7642928895877009,0.4517557775026357,3.185828322328069,8.275435983278271,10.717638570238464,13.135760961764095,-26.15098153482025,17.29177715156139,-25.063910037486306,20.333502609676966,158.74320778671182,194.10235576244887,188.75141768937792,104.88342502468613,80.33299478064608,2.225414403595561,0.7571937787173949,0.2731618729492351,0.9513525778061144,rottenoranges_0074.png,rottenoranges
72246.5,1362.5310853719711,0.6695690454124189,0.48902812609038104,2.991335126171849,7.81618119671707,11.38238106572565,10.701925173420875,21.74426616635519,-14.628111285633745,23.275616778239915,12.725748917748918,159.80505627705628,220.2298354978355,220.2298354978355,139.04988744588744,79.86361904761905,2.9686204048339757,0.8667794474848665,0.5280580102902481,0.8110756845778966,rottenoranges_0075.png,rottenoranges
43140.5,1706.5310875177383,0.39234330095674635,0.18615153855019465,2.969354219974156,7.646149466015083,10.017469294071423,10.556931409896032,-21.585443452266773,-14.511433239228401,20.851399144895982,23.48337280442076,121.34361226235116,192.56775870008553,188.7684527333728,147.1088579698704,99.70526610091441,2.6590164875761797,0.824934122080099,0.4935533588195528,0.8391544650113434,rottenoranges_0076.png,rottenoranges
56533.5,923.5361406803131,0.7760154287518359,0.8329289305423366,3.2015491874420667,8.488249121643655,12.14099452088988,14.8648366473818,-28.40527968163316,-19.646881755960198,28.76744842408053,15.482530789153762,152.29730253537008,229.06212449565692,229.0620892577127,155.27244216572404,88.78580615606886,0.9074426679853238,0.8451636842580348,0.4012453675077896,0.8849054712924446,rottenoranges_0077.png,rottenoranges
12889.5,789.7127660512924,0.6441529235382308,0.2597213296637976,3.0866762116817488,7.515818377583286,10.439823161504595,11.318580655163034,22.382493803888625,-15.66044149570031,-22.31876102676054,52.504045183941386,91.25026713478859,169.4722943062128,148.59845825064875,143.9321477637002,130.6038009464204,2.0149055547499977,0.8270552104938971,0.3701861961364327,0.9059058632833721,rottenoranges_0078.png,rottenoranges
155111.0,1493.7341859340668,0.7800323858950375,0.8735863125368298,3.202919107388537,9.062420126940422,12.518183834930872,15.806404138391002,-29.969923033739164,-20.371440947856076,31.093635591948434,16.927416918914403,184.70719982519392,199.62430190037338,199.6242697669038,137.50234252993232,53.69140301154877,0.8778868343447591,0.8309472336815692,0.29017021599910536,0.978348930105542,rottenoranges_0079.png,rottenoranges
73641.5,1510.5310864448547,0.7036932632584807,0.40557684758458906,3.1826570478207112,8.791575596340321,11.267236642611634,12.614765219945866,24.68028667837611,17.12740625737964,-24.735816006643013,24.579632688757165,69.24662326304538,189.60729902688897,188.9726112969724,176.1371933867318,137.29559809542317,0.5633902749624113,0.8481734143603883,0.40892309085998324,0.9478084581022049,rottenoranges_0080.png,rottenoranges
11034.0,641.7300091981888,0.49693748874076743,0.3366961468226279,2.9202474730367576,7.6661798103333005,9.95455345030746,9.563061165467078,19.3219423585521,-13.396191902269898,-21.05600385270004,12.95369869366932,115.56056272706192,198.9372342892479,198.6860168508928,144.8878410759836,108.83837056504599,1.4758944281729565,0.8366817650436645,0.6129986093735517,0.8411768419036403,rottenoranges_0081.png,rottenoranges
171059.0,3415.259008049965,0.8638296368116996,0.18429285662822534,3.1235099451918265,8.643448444823878,12.189038712801715,11.308949615348352,-23.478228341972173,-15.668773381952375,-23.091796890330095,17.20941052412019,149.47951840736062,132.51603763746132,132.05657207087154,81.48528338180934,49.215644808046626,4.968850279760152,0.748839281905659,0.18240251918675937,0.9330697597084824,rottenoranges_0082.png,rottenoranges
156908.5,1534.5798555612564,0.7930439309396733,0.8372927850007041,3.202119810607791,9.020630507978755,11.951304540550423,14.50206914598692,28.58584883793421,-19.343959155866983,-27.73299043116297,16.937446405772615,183.77002280335125,199.29056805117096,199.2905299397204,137.42674661602078,54.29940355579834,0.9718743888651247,0.8160773166174142,0.2767418519739346,0.9764763764717337,rottenoranges_0083.png,rottenoranges
50553.0,1146.832601428032,0.6961497149467074,0.4830106834080155,3.101405055144912,8.168385753151407,10.595999013302064,11.13721478643103,22.174534268249456,15.390100580547722,22.13585891262226,20.610608938419645,88.27918258999061,209.91516968351678,208.70866610219915,177.6033318840248,134.97810018535893,1.61783085961831,0.7909153171347467,0.4173807239832463,0.9373513024974554,rottenoranges_0084.png,rottenoranges
102560.5,1882.295585513115,0.7376914168986327,0.36375950151883024,3.165315848778723,7.8845774404160816,11.275745052088007,11.909617619022695,-23.933809792313493,-15.899705778684726,23.53431402306227,15.924130190796857,152.0921387790953,208.3164787976382,208.2330454301469,142.83087883667594,80.35215927389841,0.850631643007798,0.8680777044749155,0.3462619884204433,0.9563195577449644,rottenoranges_0085.png,rottenoranges
84822.5,1192.2468138933182,0.773349318940209,0.7498745104061111,3.1813904020267083,8.409056930558508,11.427590198503655,13.46984642129225,26.04606089213985,17.855620388991202,26.094831231940287,17.315649994603863,128.30775964409483,176.95800606765556,176.86578010144737,120.1791757101915,78.8727351216529,1.5168699680731106,0.7754437864707303,0.31188860992375295,0.9346997515549212,rottenoranges_0086.png,rottenoranges
124983.0,1341.7097979784012,0.7678503409719236,0.8724561862892244,3.2036026741156856,8.848797760181016,12.567493871895373,15.331594413204327,-29.59488058012754,-20.34963072393716,-29.33953074266477,15.79776202612297,178.38356960815545,228.6623128384836,228.66196240841032,153.48057502389295,68.43259796113412,0.41153986519184704,0.8984770887246616,0.5197443673638235,0.8564431484032987,rottenoranges_0087.png,rottenoranges
33799.0,1492.7981132268906,0.4179940638139995,0.19059502494986516,2.936704168834735,7.154992424829731,10.113162298785632,9.689320904780311,20.456011295735916,14.210957178157367,-19.594635591395818,13.841670504259728,163.9090778263873,203.0770492746949,203.0770492746949,132.43990329265483,73.63288625374166,1.3461732751671542,0.8528175750179844,0.5908495557833103,0.874876356181967,rottenoranges_0088.png,rottenoranges
33237.0,1262.690467596054,0.43899249788672867,0.2619617465990217,3.040231976239232,7.6382319258310565,10.397887949127304,11.4179589875279,22.372984520270098,15.513914346517613,22.680865131190572,21.70403930502193,124.52374961749005,173.38795008670226,171.50773520111522,125.45523783618374,79.13829859576349,1.4970267777194766,0.841807182732585,0.5274509703038079,0.9337328221710022,rottenoranges_0089.png,rottenoranges
109735.0,2075.072278738022,0.7381013237193285,0.32024958436116496,3.177331554079225,8.158289734586791,12.255541866521963,12.430843560440655,-25.22754003583777,-16.79689187968405,-24.802753860161076,25.583907236274992,80.89463049301584,181.27028279588828,181.23135317508132,167.53361387377535,120.86851984020318,1.5083927842257885,0.7417582308520443,0.3132297608901572,0.9543035331499556,rottenoranges_0090.png,rottenoranges
9976.5,382.5756821632385,0.7416369313113291,0.8565512403274121,3.199718224938054,8.192281849691494,12.560064495547891,15.5071159684924,31.23745638432476,19.95914106982502,-29.540793969626517,13.864497041420119,185.342899408284,187.33402366863905,187.33402366863905,115.34033530571992,52.113116370808676,3.002851912622541,0.7474193741154502,0.29866762033079736,0.8958634157376987,rottenoranges_0091.png,rottenoranges
124696.0,1325.0235100984573,0.7776100974070517,0.8925143720428901,3.197858181620763,9.170899041540709,13.364148531420469,16.205359853603287,-31.40171900475396,20.793232322661837,31.02546630257607,21.245534631859694,126.3992321991433,202.28064333629678,198.80780732239555,151.35740725773863,97.0806756647539,0.6739437919524887,0.852273451771067,0.40119984672723547,0.9117000749784575,rottenoranges_0092.png,rottenoranges
73254.5,1339.1341173648834,0.7223383589875065,0.5133292634545654,3.151619138649873,7.179317606769686,10.988589427164282,11.756147916001547,23.355410949482103,16.624334399343592,-23.222639131194303,16.498792366695863,163.7979536587308,228.80846404968548,228.227751678743,150.61974148684874,80.44894763383496,0.817365000703079,0.8469058067745782,0.40391376822521796,0.9268442065067852,rottenoranges_0093.png,rottenoranges
6982.5,712.8010782003403,0.22240802675585283,0.1726967292749523,2.7780743763949567,7.13401538440331,10.082736081782144,9.720655708950583,-19.626768714562022,13.301397638853004,-20.470364454088386,35.76969260326609,79.44836695485111,206.43852065321806,196.01777137367915,162.55035222542426,147.51761127121358,1.0938419871126603,0.8658205023459241,0.7159800528595115,0.8527074106555531,rottenoranges_0094.png,rottenoranges
56285.0,1087.3178840875626,0.7103463072340855,0.5982593183482275,3.168530920355821,8.54447414077528,13.055104204458663,12.630530024269925,25.590489052692657,-18.241566977176518,25.66331240183494,13.364485810749155,120.68217903093348,233.00180673419106,233.00180673419106,173.2164066064422,122.29774614472123,0.6604782715617857,0.8428947689243019,0.4055488045078522,0.9211838052295341,rottenoranges_0095.png,rottenoranges
144194.0,1435.1656466722488,0.7958297228829883,0.8797372739229866,3.202184808813123,8.822041889737742,13.447929513086253,15.244533171179679,-30.09621182597637,-20.303336896974752,29.613046351382696,16.98292205682046,185.02807143696717,200.2139237093016,200.21386148197828,137.9671024884015,53.50308716665169,0.9770695754620345,0.8248974112014055,0.27940337131150306,0.9761887231844197,rottenoranges_0096.png,rottenoranges
139958.0,1415.1656452417374,0.7879630672221597,0.8781992011933961,3.1542272257618396,9.237428041631832,12.048747645820356,11.922289144232078,-23.93642987152726,-16.71071431911457,-24.361986179371655,9.723837231558397,160.54296979673086,202.9736171190139,202.97292041496,115.61370439842284,74.98089040309306,1.3718304579002512,0.8096506852085461,0.32153122200750994,0.941739844460739,rottenoranges_0097.png,rottenoranges
33044.5,891.7960232496262,0.5356367114050444,0.5221292052928694,3.016124384214441,6.741809121668593,12.5723315923957,10.141786747266682,-22.078347156179838,-13.53052498164976,21.514450902783413,16.0132550874427,146.8479752415988,227.8627777291174,227.8621062158769,133.31823888353625,95.7005926834253,0.5139456071866114,0.9277907652503212,0.708190395019975,0.9393639519188491,rottenoranges_0098.png,rottenoranges
43428.5,1692.4722123146057,0.39496253046673213,0.19052045030803208,2.973933987549831,7.644770937512917,10.043224402301483,10.60710391369782,-21.575351893015707,-14.554673400232252,-20.94380451790544,23.707478136712474,120.94191423425762,192.82343874223224,188.98134116463584,147.64952217156394,100.30579397400743,1.4595427010698343,0.8253427825771633,0.4871308896059141,0.9071906470045881,rottenoranges_0099.png,rottenoranges
175436.0,1606.84688270092,0.760220132599558,0.8538460852327948,3.081233585911068,9.983574771546254,11.239224918838365,12.067705266473443,23.783450733633384,18.822240913436765,24.022768325145474,15.756531172052595,161.5382058882463,223.55584575309717,223.5536278147434,158.0004422057777,81.85696024984627,0.8945004196489643,0.8719657423989629,0.4646836235946158,0.96035407030574,rottenoranges_0100.png,rottenoranges
